id,lat,lon,first_seen,last_seen,alert_count,source,est_area_m2,location,research_zone
21.830_87.478,21.83,87.478115,2025-12-27T09:20:20.411414,2025-12-27T23:40:25.678026,29,VIIRS_NOAA,112500,ZONE_C_SOUTH,ZONE_B_EAST
21.840_87.535,21.84,87.5345,2025-12-27T09:20:21.526792,2025-12-27T23:40:25.982968,29,VIIRS_NOAA,56250,ZONE_C_SOUTH,ZONE_B_EAST
21.850_87.174,21.85,87.17404,2025-12-27T09:20:22.623544,2025-12-27T23:40:26.306485,29,VIIRS_NOAA,56250,ZONE_C_SOUTH,ZONE_B_EAST
21.850_87.304,21.85,87.3035,2025-12-27T09:20:23.685061,2025-12-27T23:40:26.642342,29,VIIRS_NOAA,56250,ZONE_C_SOUTH,ZONE_B_EAST
21.850_87.315,21.85,87.31494,2025-12-27T09:20:24.776784,2025-12-27T23:40:27.020928,29,VIIRS_NOAA,56250,ZONE_C_SOUTH,ZONE_B_EAST
21.850_87.595,21.85,87.59535,2025-12-27T09:20:25.887397,2025-12-27T23:40:27.406926,29,VIIRS_SNPP,112500,ZONE_C_SOUTH,ZONE_B_EAST
21.880_87.265,21.88,87.26525,2025-12-27T09:20:26.988056,2025-12-27T23:40:27.75916,29,VIIRS_NOAA,56250,ZONE_C_SOUTH,ZONE_B_EAST
21.950_87.635,21.95,87.63535,2025-12-27T09:20:29.186876,2025-12-27T23:40:29.994256,29,VIIRS_NOAA,56250,ZONE_C_SOUTH,ZONE_B_EAST
21.970_87.394,21.97,87.39359,2025-12-27T09:20:30.2938,2025-12-27T23:40:30.382996,29,VIIRS_NOAA,56250,ZONE_C_SOUTH,ZONE_B_EAST
22.000_86.705,22.0,86.70512,2025-12-27T09:20:31.40091,2025-12-27T23:40:30.736422,29,VIIRS_NOAA,56250,ZONE_C_SOUTH,ZONE_B_EAST
22.010_86.928,22.01,86.92822,2025-12-27T09:20:32.470581,2025-12-27T23:40:31.088355,29,VIIRS_NOAA,56250,ZONE_C_SOUTH,ZONE_B_EAST
22.060_87.248,22.06,87.24821,2025-12-27T09:20:35.750156,2025-12-27T23:40:33.520144,29,VIIRS_NOAA,56250,ZONE_C_SOUTH,ZONE_B_EAST
21.710_87.139,21.71,87.13905,2025-12-27T09:20:01.199203,2025-12-27T23:40:16.622765,55,MODIS,168750,ZONE_C_SOUTH,ZONE_B_EAST
22.060_87.260,22.06,87.26028,2025-12-27T09:20:36.8536,2025-12-27T23:40:33.909203,29,VIIRS_NOAA,56250,ZONE_C_SOUTH,ZONE_B_EAST
22.060_88.720,22.06,88.72049,2025-12-27T09:20:37.931617,2025-12-27T23:40:35.065942,29,VIIRS_NOAA,56250,ZONE_C_SOUTH,ZONE_B_EAST
22.070_87.247,22.07,87.246875,2025-12-27T09:20:38.996807,2025-12-27T23:40:35.43618,29,VIIRS_NOAA,112500,ZONE_C_SOUTH,ZONE_B_EAST
22.050_88.126,22.05,88.12627,2025-12-27T09:20:34.656601,2025-12-27T23:40:33.168882,33,VIIRS_SNPP,112500,ZONE_C_SOUTH,ZONE_B_EAST
22.070_87.270,22.07,87.27004,2025-12-27T09:20:40.585468,2025-12-27T23:40:35.812412,29,VIIRS_SNPP,112500,ZONE_C_SOUTH,ZONE_B_EAST
22.090_87.266,22.09,87.26634,2025-12-27T09:20:41.708896,2025-12-27T23:40:36.2039,29,VIIRS_NOAA,56250,ZONE_C_SOUTH,ZONE_B_EAST
21.780_87.207,21.78,87.20695,2025-12-27T09:20:09.422103,2025-12-27T23:40:20.855463,56,VIIRS_SNPP,225000,ZONE_C_SOUTH,ZONE_B_EAST
22.090_87.297,22.09,87.2974,2025-12-27T09:20:42.805373,2025-12-27T23:40:36.573432,29,VIIRS_NOAA,56250,ZONE_C_SOUTH,ZONE_B_EAST
22.100_87.731,22.1,87.73133,2025-12-27T09:20:43.892391,2025-12-27T23:40:37.661138,29,VIIRS_NOAA,56250,ZONE_C_SOUTH,ZONE_B_EAST
22.110_87.220,22.11,87.22005,2025-12-27T09:20:45.015185,2025-12-27T23:40:38.044538,29,VIIRS_NOAA,56250,ZONE_C_SOUTH,ZONE_B_EAST
22.160_87.171,22.16,87.17126,2025-12-27T09:20:46.106044,2025-12-27T23:40:38.811736,29,VIIRS_NOAA,56250,ZONE_C_SOUTH,ZONE_B_EAST
22.170_87.535,22.17,87.53542,2025-12-27T09:20:47.242888,2025-12-27T23:40:39.154381,29,VIIRS_NOAA,56250,ZONE_C_SOUTH,ZONE_B_EAST
22.190_86.683,22.19,86.68274,2025-12-27T09:20:48.462379,2025-12-27T23:40:39.891354,29,VIIRS_NOAA,56250,ZONE_C_SOUTH,ZONE_B_EAST
22.190_87.507,22.19,87.507265,2025-12-27T09:20:49.603533,2025-12-27T23:40:40.875611,29,VIIRS_NOAA,112500,ZONE_C_SOUTH,ZONE_B_EAST
22.210_87.087,22.21,87.08655,2025-12-27T09:20:50.675207,2025-12-27T23:40:41.219011,29,VIIRS_NOAA,56250,ZONE_C_SOUTH,ZONE_B_EAST
22.210_87.451,22.21,87.45054,2025-12-27T09:20:51.83626,2025-12-27T23:40:41.591545,29,VIIRS_NOAA,56250,ZONE_C_SOUTH,ZONE_B_EAST
22.220_87.450,22.22,87.44993,2025-12-27T09:20:52.969966,2025-12-27T23:40:41.954138,29,VIIRS_NOAA,56250,ZONE_C_SOUTH,ZONE_B_EAST
22.230_86.714,22.23,86.71442,2025-12-27T09:20:54.09089,2025-12-27T23:40:42.673114,29,VIIRS_NOAA,56250,ZONE_C_SOUTH,ZONE_B_EAST
22.230_86.941,22.23,86.94143,2025-12-27T09:20:55.188984,2025-12-27T23:40:43.029865,29,VIIRS_SNPP,393750,ZONE_C_SOUTH,ZONE_B_EAST
22.230_87.454,22.23,87.45442,2025-12-27T09:20:56.322738,2025-12-27T23:40:43.363357,29,VIIRS_NOAA,56250,ZONE_C_SOUTH,ZONE_B_EAST
22.240_87.144,22.24,87.14421,2025-12-27T09:20:57.418015,2025-12-27T23:40:43.715079,29,VIIRS_NOAA,56250,ZONE_C_SOUTH,ZONE_B_EAST
22.250_86.724,22.25,86.72361,2025-12-27T09:20:58.526952,2025-12-27T23:40:44.09005,29,VIIRS_NOAA,56250,ZONE_C_SOUTH,ZONE_B_EAST
23.760_86.398,23.76,86.3982,2025-12-27T05:44:51.042986,2025-12-27T23:42:25.522219,35,MODIS,1950000,ZONE_D_CENTRAL,ZONE_B_EAST
21.560_86.903,21.56,86.90302,2025-12-27T09:19:51.84675,2025-12-27T23:40:08.525088,29,VIIRS_NOAA,56250,ZONE_C_SOUTH,ZONE_B_EAST
21.620_87.097,21.62,87.09693,2025-12-27T09:19:52.968299,2025-12-27T23:40:10.504493,29,VIIRS_NOAA,56250,ZONE_C_SOUTH,ZONE_B_EAST
22.380_87.284,22.38,87.28358,2025-12-27T05:44:47.099049,2025-12-27T23:40:51.694593,39,VIIRS_NOAA,900000,ZONE_C_SOUTH,ZONE_B_EAST
22.030_87.286,22.03,87.28553,2025-12-27T09:20:33.574324,2025-12-27T23:40:32.181441,56,VIIRS_NOAA,56250,ZONE_C_SOUTH,ZONE_B_EAST
23.680_86.396,23.68,86.39628,2025-12-27T05:44:48.398803,2025-12-27T23:42:13.117959,39,MODIS,1650000,ZONE_D_CENTRAL,ZONE_B_EAST
23.690_87.126,23.69,87.12596,2025-12-27T05:44:49.727401,2025-12-27T23:42:15.806933,39,MODIS,506250,ZONE_D_CENTRAL,ZONE_B_EAST
21.630_87.110,21.63,87.11047,2025-12-27T09:19:54.142406,2025-12-27T23:40:11.462858,29,VIIRS_NOAA,56250,ZONE_C_SOUTH,ZONE_B_EAST
23.780_86.391,23.78,86.39077,2025-12-27T05:44:52.301676,2025-12-27T23:42:32.77787,39,MODIS,1650000,ZONE_D_CENTRAL,ZONE_B_EAST
21.640_87.080,21.64,87.08035,2025-12-27T09:19:55.318103,2025-12-27T23:40:12.436144,29,VIIRS_NOAA,56250,ZONE_C_SOUTH,ZONE_B_EAST
21.660_87.223,21.66,87.22314,2025-12-27T09:19:56.422781,2025-12-27T23:40:12.79781,29,VIIRS_NOAA,56250,ZONE_C_SOUTH,ZONE_B_EAST
21.680_87.062,21.68,87.06188,2025-12-27T09:19:57.521253,2025-12-27T23:40:13.589107,29,VIIRS_NOAA,56250,ZONE_C_SOUTH,ZONE_B_EAST
21.680_87.086,21.68,87.08629,2025-12-27T09:19:58.724843,2025-12-27T23:40:13.95814,29,VIIRS_NOAA,56250,ZONE_C_SOUTH,ZONE_B_EAST
21.700_87.176,21.7,87.17612,2025-12-27T09:19:59.902026,2025-12-27T23:40:14.760876,29,VIIRS_NOAA,56250,ZONE_C_SOUTH,ZONE_B_EAST
21.730_87.262,21.73,87.2623,2025-12-27T09:20:02.805156,2025-12-27T23:40:18.147679,29,VIIRS_NOAA,56250,ZONE_C_SOUTH,ZONE_B_EAST
21.740_87.153,21.74,87.15337,2025-12-27T09:20:03.901682,2025-12-27T23:40:18.953998,29,VIIRS_NOAA,56250,ZONE_C_SOUTH,ZONE_B_EAST
21.740_87.229,21.74,87.22925,2025-12-27T09:20:05.003722,2025-12-27T23:40:19.308573,29,VIIRS_NOAA,56250,ZONE_C_SOUTH,ZONE_B_EAST
21.760_87.268,21.76,87.26816,2025-12-27T09:20:06.089441,2025-12-27T23:40:19.733782,29,VIIRS_NOAA,56250,ZONE_C_SOUTH,ZONE_B_EAST
21.770_87.228,21.77,87.2281,2025-12-27T09:20:07.770549,2025-12-27T23:40:20.095348,29,VIIRS_NOAA,56250,ZONE_C_SOUTH,ZONE_B_EAST
21.780_87.382,21.78,87.3817,2025-12-27T09:20:10.528594,2025-12-27T23:40:21.220923,29,VIIRS_NOAA,56250,ZONE_C_SOUTH,ZONE_B_EAST
21.790_87.236,21.79,87.23555,2025-12-27T09:20:11.642362,2025-12-27T23:40:21.994546,29,VIIRS_NOAA,112500,ZONE_C_SOUTH,ZONE_B_EAST
21.790_87.478,21.79,87.47819,2025-12-27T09:20:12.724745,2025-12-27T23:40:22.346493,29,VIIRS_NOAA,56250,ZONE_C_SOUTH,ZONE_B_EAST
21.790_87.493,21.79,87.4933,2025-12-27T09:20:13.858538,2025-12-27T23:40:22.746729,29,VIIRS_NOAA,56250,ZONE_C_SOUTH,ZONE_B_EAST
21.800_87.262,21.8,87.26198,2025-12-27T09:20:14.964845,2025-12-27T23:40:23.073794,29,VIIRS_NOAA,56250,ZONE_C_SOUTH,ZONE_B_EAST
21.800_87.453,21.8,87.45306,2025-12-27T09:20:16.050661,2025-12-27T23:40:23.429884,29,VIIRS_NOAA,56250,ZONE_C_SOUTH,ZONE_B_EAST
21.820_87.473,21.82,87.4733,2025-12-27T09:20:17.127409,2025-12-27T23:40:24.573744,29,VIIRS_NOAA,56250,ZONE_C_SOUTH,ZONE_B_EAST
21.820_87.562,21.82,87.561665,2025-12-27T09:20:18.204155,2025-12-27T23:40:24.934266,29,VIIRS_SNPP,168750,ZONE_C_SOUTH,ZONE_B_EAST
21.830_87.201,21.83,87.201,2025-12-27T09:20:19.288016,2025-12-27T23:40:25.304319,29,VIIRS_NOAA,56250,ZONE_C_SOUTH,ZONE_B_EAST
22.360_87.295,22.36,87.29476,2025-12-27T05:44:45.487176,2025-12-27T23:40:49.932551,64,VIIRS_SNPP,600000,ZONE_C_SOUTH,ZONE_B_EAST
22.730_87.642,22.73,87.64227,2025-12-27T09:21:40.306976,2025-12-27T23:41:04.530258,58,VIIRS_NOAA,112500,ZONE_C_SOUTH,ZONE_B_EAST
22.610_86.925,22.61,86.92538,2025-12-27T09:21:37.010355,2025-12-27T23:41:02.765592,29,VIIRS_NOAA,56250,ZONE_C_SOUTH,ZONE_B_EAST
22.640_86.796,22.64,86.79578,2025-12-27T09:21:38.099464,2025-12-27T23:41:03.437131,29,VIIRS_NOAA,56250,ZONE_C_SOUTH,ZONE_B_EAST
22.660_88.135,22.66,88.1352,2025-12-27T09:21:39.232153,2025-12-27T23:41:03.768549,29,VIIRS_NOAA,56250,ZONE_C_SOUTH,ZONE_B_EAST
22.570_85.895,22.57,85.89517,2025-12-27T09:21:34.828194,2025-12-27T23:41:00.512272,33,VIIRS_SNPP,337500,ZONE_C_SOUTH,ZONE_B_EAST
22.750_87.834,22.75,87.83425,2025-12-27T09:21:41.744776,2025-12-27T23:41:04.90988,29,VIIRS_NOAA,56250,ZONE_C_SOUTH,ZONE_B_EAST
22.790_86.074,22.79,86.07421,2025-12-27T09:21:42.837866,2025-12-27T23:41:05.29395,29,VIIRS_NOAA,56250,ZONE_C_SOUTH,ZONE_B_EAST
22.790_88.039,22.79,88.03854,2025-12-27T09:21:43.945378,2025-12-27T23:41:06.366169,29,VIIRS_NOAA,56250,ZONE_C_SOUTH,ZONE_B_EAST
22.820_86.973,22.82,86.97337,2025-12-27T09:21:45.041491,2025-12-27T23:41:08.158461,29,VIIRS_NOAA,56250,ZONE_C_SOUTH,ZONE_B_EAST
22.850_87.843,22.85,87.84337,2025-12-27T09:21:46.14927,2025-12-27T23:41:08.545051,29,VIIRS_NOAA,56250,ZONE_C_SOUTH,ZONE_B_EAST
22.870_86.063,22.87,86.06253,2025-12-27T09:21:47.240966,2025-12-27T23:41:09.637271,29,VIIRS_SNPP,225000,ZONE_C_SOUTH,ZONE_B_EAST
22.870_88.321,22.87,88.32115,2025-12-27T09:21:48.320642,2025-12-27T23:41:09.973865,29,VIIRS_NOAA,56250,ZONE_C_SOUTH,ZONE_B_EAST
22.880_86.315,22.88,86.31525,2025-12-27T09:21:49.394329,2025-12-27T23:41:10.320764,29,VIIRS_NOAA,56250,ZONE_C_SOUTH,ZONE_B_EAST
22.900_87.097,22.9,87.09691,2025-12-27T09:21:50.498762,2025-12-27T23:41:10.673734,29,VIIRS_NOAA,56250,ZONE_C_SOUTH,ZONE_B_EAST
22.900_88.292,22.9,88.29214,2025-12-27T09:21:51.598897,2025-12-27T23:41:11.042578,29,VIIRS_NOAA,56250,ZONE_C_SOUTH,ZONE_B_EAST
22.970_87.883,22.97,87.88337,2025-12-27T09:21:53.825958,2025-12-27T23:41:12.96919,29,VIIRS_NOAA,56250,ZONE_C_SOUTH,ZONE_B_EAST
22.980_86.664,22.98,86.6639,2025-12-27T09:21:54.934827,2025-12-27T23:41:13.64653,29,VIIRS_NOAA,56250,ZONE_C_SOUTH,ZONE_B_EAST
23.000_87.661,23.0,87.66117,2025-12-27T09:21:56.025479,2025-12-27T23:41:14.413467,29,VIIRS_NOAA,56250,ZONE_C_SOUTH,ZONE_B_EAST
23.000_88.622,23.0,88.62187,2025-12-27T09:21:57.163683,2025-12-27T23:41:14.809395,29,VIIRS_NOAA,56250,ZONE_C_SOUTH,ZONE_B_EAST
23.020_87.816,23.02,87.81595,2025-12-27T09:21:58.247883,2025-12-27T23:41:15.532472,29,VIIRS_NOAA,56250,ZONE_D_CENTRAL,ZONE_B_EAST
23.020_87.894,23.02,87.89363,2025-12-27T09:21:59.340532,2025-12-27T23:41:15.843957,29,VIIRS_NOAA,56250,ZONE_D_CENTRAL,ZONE_B_EAST
22.510_86.803,22.51,86.80349,2025-12-27T09:21:28.064556,2025-12-27T23:40:57.497894,56,VIIRS_SNPP,112500,ZONE_C_SOUTH,ZONE_B_EAST
23.020_87.932,23.02,87.93153,2025-12-27T09:22:00.547156,2025-12-27T23:41:16.182025,29,VIIRS_NOAA,56250,ZONE_D_CENTRAL,ZONE_B_EAST
23.040_87.701,23.04,87.70128,2025-12-27T09:22:01.651213,2025-12-27T23:41:16.513405,29,VIIRS_NOAA,56250,ZONE_D_CENTRAL,ZONE_B_EAST
23.040_88.089,23.04,88.08912,2025-12-27T09:22:02.755518,2025-12-27T23:41:16.862411,29,VIIRS_NOAA,56250,ZONE_D_CENTRAL,ZONE_B_EAST
23.060_87.739,23.06,87.73943,2025-12-27T09:22:03.884766,2025-12-27T23:41:17.608863,29,VIIRS_NOAA,56250,ZONE_D_CENTRAL,ZONE_B_EAST
23.060_88.299,23.06,88.2985,2025-12-27T09:22:05.020579,2025-12-27T23:41:17.997242,29,VIIRS_NOAA,56250,ZONE_D_CENTRAL,ZONE_B_EAST
23.080_87.718,23.08,87.718055,2025-12-27T09:22:07.248294,2025-12-27T23:41:18.772376,29,VIIRS_SNPP,225000,ZONE_D_CENTRAL,ZONE_B_EAST
23.090_87.715,23.09,87.71527,2025-12-27T09:22:08.437043,2025-12-27T23:41:19.157649,29,VIIRS_NOAA,56250,ZONE_D_CENTRAL,ZONE_B_EAST
23.090_87.807,23.09,87.80746,2025-12-27T09:22:09.573969,2025-12-27T23:41:19.520121,29,VIIRS_NOAA,56250,ZONE_D_CENTRAL,ZONE_B_EAST
23.090_87.957,23.09,87.95721,2025-12-27T09:22:10.732492,2025-12-27T23:41:19.88387,29,VIIRS_SNPP,168750,ZONE_D_CENTRAL,ZONE_B_EAST
23.100_87.565,23.1,87.565,2025-12-27T09:22:11.82539,2025-12-27T23:41:20.278728,29,VIIRS_NOAA,56250,ZONE_D_CENTRAL,ZONE_B_EAST
22.260_86.910,22.26,86.90989,2025-12-27T09:21:00.742853,2025-12-27T23:40:44.828992,29,VIIRS_NOAA,56250,ZONE_C_SOUTH,ZONE_B_EAST
22.260_87.426,22.26,87.42562,2025-12-27T09:21:01.842139,2025-12-27T23:40:45.178371,29,VIIRS_NOAA,56250,ZONE_C_SOUTH,ZONE_B_EAST
22.270_86.909,22.27,86.90926,2025-12-27T09:21:02.95773,2025-12-27T23:40:45.496162,29,VIIRS_NOAA,56250,ZONE_C_SOUTH,ZONE_B_EAST
22.270_87.475,22.27,87.47472,2025-12-27T09:21:04.054275,2025-12-27T23:40:45.853111,29,VIIRS_NOAA,56250,ZONE_C_SOUTH,ZONE_B_EAST
22.280_86.839,22.28,86.83946,2025-12-27T09:21:05.159406,2025-12-27T23:40:46.63827,29,VIIRS_NOAA,56250,ZONE_C_SOUTH,ZONE_B_EAST
22.280_87.442,22.28,87.44206,2025-12-27T09:21:06.268971,2025-12-27T23:40:46.985173,29,VIIRS_NOAA,56250,ZONE_C_SOUTH,ZONE_B_EAST
22.300_87.435,22.3,87.43522,2025-12-27T09:21:07.503374,2025-12-27T23:40:47.323083,29,VIIRS_NOAA,56250,ZONE_C_SOUTH,ZONE_B_EAST
22.300_87.555,22.3,87.55518,2025-12-27T09:21:08.607075,2025-12-27T23:40:47.671709,29,VIIRS_NOAA,56250,ZONE_C_SOUTH,ZONE_B_EAST
22.960_87.884,22.96,87.88396,2025-12-27T09:21:52.756642,2025-12-27T23:41:12.217289,56,VIIRS_SNPP,168750,ZONE_C_SOUTH,ZONE_B_EAST
22.320_87.501,22.32,87.50134,2025-12-27T09:21:09.717841,2025-12-27T23:40:48.026106,29,VIIRS_NOAA,56250,ZONE_C_SOUTH,ZONE_B_EAST
22.340_87.385,22.34,87.3845,2025-12-27T09:21:10.793054,2025-12-27T23:40:48.389605,29,VIIRS_NOAA,56250,ZONE_C_SOUTH,ZONE_B_EAST
22.350_88.828,22.35,88.82837,2025-12-27T09:21:11.896516,2025-12-27T23:40:48.76638,29,VIIRS_NOAA,56250,ZONE_C_SOUTH,ZONE_B_EAST
22.360_87.483,22.36,87.48272,2025-12-27T09:21:13.780721,2025-12-27T23:40:50.299957,29,VIIRS_SNPP,112500,ZONE_C_SOUTH,ZONE_B_EAST
22.380_87.494,22.38,87.49413,2025-12-27T09:21:15.332255,2025-12-27T23:40:52.056808,29,VIIRS_NOAA,56250,ZONE_C_SOUTH,ZONE_B_EAST
22.380_87.679,22.38,87.67875,2025-12-27T09:21:16.541255,2025-12-27T23:40:52.404512,29,VIIRS_NOAA,56250,ZONE_C_SOUTH,ZONE_B_EAST
22.390_87.429,22.39,87.42946,2025-12-27T09:21:17.62961,2025-12-27T23:40:53.126527,29,VIIRS_NOAA,56250,ZONE_C_SOUTH,ZONE_B_EAST
22.390_87.485,22.39,87.48476,2025-12-27T09:21:18.749931,2025-12-27T23:40:53.467733,29,VIIRS_NOAA,56250,ZONE_C_SOUTH,ZONE_B_EAST
22.410_87.473,22.41,87.47293,2025-12-27T09:21:19.851721,2025-12-27T23:40:53.81165,29,VIIRS_NOAA,56250,ZONE_C_SOUTH,ZONE_B_EAST
22.430_87.497,22.43,87.49688,2025-12-27T09:21:20.979877,2025-12-27T23:40:54.187055,29,VIIRS_NOAA,56250,ZONE_C_SOUTH,ZONE_B_EAST
22.440_86.159,22.44,86.15859,2025-12-27T09:21:22.080988,2025-12-27T23:40:54.578518,29,VIIRS_NOAA,56250,ZONE_C_SOUTH,ZONE_B_EAST
22.440_87.646,22.44,87.64597,2025-12-27T09:21:23.193746,2025-12-27T23:40:54.931228,29,VIIRS_NOAA,56250,ZONE_C_SOUTH,ZONE_B_EAST
22.450_87.579,22.45,87.57875,2025-12-27T09:21:24.262968,2025-12-27T23:40:55.298712,29,VIIRS_NOAA,56250,ZONE_C_SOUTH,ZONE_B_EAST
22.500_87.457,22.5,87.45674,2025-12-27T09:21:26.933351,2025-12-27T23:40:56.819987,29,VIIRS_NOAA,56250,ZONE_C_SOUTH,ZONE_B_EAST
22.510_87.690,22.51,87.68969,2025-12-27T09:21:29.183447,2025-12-27T23:40:57.871236,29,VIIRS_NOAA,56250,ZONE_C_SOUTH,ZONE_B_EAST
22.520_87.766,22.52,87.76572,2025-12-27T09:21:31.537944,2025-12-27T23:40:58.615967,29,VIIRS_NOAA,56250,ZONE_C_SOUTH,ZONE_B_EAST
22.530_86.748,22.53,86.7484,2025-12-27T09:21:32.652236,2025-12-27T23:40:59.003692,29,VIIRS_NOAA,56250,ZONE_C_SOUTH,ZONE_B_EAST
22.540_87.441,22.54,87.4412,2025-12-27T09:21:33.752976,2025-12-27T23:40:59.358294,29,VIIRS_NOAA,56250,ZONE_C_SOUTH,ZONE_B_EAST
22.600_87.604,22.6,87.60387,2025-12-27T09:21:35.916586,2025-12-27T23:41:02.01179,29,VIIRS_NOAA,56250,ZONE_C_SOUTH,ZONE_B_EAST
23.160_87.552,23.16,87.5515,2025-12-27T09:22:27.445324,2025-12-27T23:41:27.733214,58,VIIRS_SNPP,112500,ZONE_D_CENTRAL,ZONE_B_EAST
23.260_87.963,23.26,87.96345,2025-12-27T09:22:46.601548,2025-12-27T23:41:36.345787,58,VIIRS_SNPP,112500,ZONE_D_CENTRAL,ZONE_B_EAST
23.150_87.556,23.15,87.55587,2025-12-27T09:22:24.068567,2025-12-27T23:41:25.047773,48,VIIRS_NOAA,56250,ZONE_D_CENTRAL,ZONE_B_EAST
23.280_87.925,23.28,87.92545,2025-12-27T09:22:50.288077,2025-12-27T23:41:37.830993,29,VIIRS_NOAA,56250,ZONE_D_CENTRAL,ZONE_B_EAST
23.290_88.099,23.29,88.0993,2025-12-27T09:22:51.489833,2025-12-27T23:41:39.244671,29,VIIRS_NOAA,56250,ZONE_D_CENTRAL,ZONE_B_EAST
23.300_87.963,23.3,87.9629,2025-12-27T09:22:52.560353,2025-12-27T23:41:39.633866,29,VIIRS_NOAA,56250,ZONE_D_CENTRAL,ZONE_B_EAST
23.300_87.975,23.3,87.97468,2025-12-27T09:22:53.875787,2025-12-27T23:41:39.998935,29,VIIRS_NOAA,56250,ZONE_D_CENTRAL,ZONE_B_EAST
23.300_88.036,23.3,88.03611,2025-12-27T09:22:54.969441,2025-12-27T23:41:40.37094,29,VIIRS_NOAA,56250,ZONE_D_CENTRAL,ZONE_B_EAST
23.310_87.708,23.31,87.7084,2025-12-27T09:22:56.173601,2025-12-27T23:41:40.708788,29,VIIRS_NOAA,56250,ZONE_D_CENTRAL,ZONE_B_EAST
23.320_87.671,23.32,87.67103,2025-12-27T09:22:57.286342,2025-12-27T23:41:41.453487,29,VIIRS_NOAA,56250,ZONE_D_CENTRAL,ZONE_B_EAST
23.270_88.049,23.27,88.04919,2025-12-27T09:22:49.165695,2025-12-27T23:41:37.090942,29,VIIRS_NOAA,56250,ZONE_D_CENTRAL,ZONE_B_EAST
23.320_87.984,23.32,87.98408,2025-12-27T09:22:58.42384,2025-12-27T23:41:41.860432,29,VIIRS_NOAA,56250,ZONE_D_CENTRAL,ZONE_B_EAST
23.330_88.269,23.33,88.2694,2025-12-27T09:23:00.630541,2025-12-27T23:41:43.348754,29,VIIRS_NOAA,56250,ZONE_D_CENTRAL,ZONE_B_EAST
23.340_87.312,23.34,87.31185,2025-12-27T09:23:01.736069,2025-12-27T23:41:43.696974,29,VIIRS_NOAA,56250,ZONE_D_CENTRAL,ZONE_B_EAST
23.340_88.003,23.34,88.00286,2025-12-27T09:23:02.857021,2025-12-27T23:41:44.377592,29,VIIRS_NOAA,56250,ZONE_D_CENTRAL,ZONE_B_EAST
23.350_87.669,23.35,87.66946,2025-12-27T09:23:03.953841,2025-12-27T23:41:44.772536,29,VIIRS_NOAA,56250,ZONE_D_CENTRAL,ZONE_B_EAST
23.370_87.591,23.37,87.59143,2025-12-27T09:23:05.07614,2025-12-27T23:41:45.528791,29,VIIRS_NOAA,112500,ZONE_D_CENTRAL,ZONE_B_EAST
23.380_87.514,23.38,87.51444,2025-12-27T09:23:07.33003,2025-12-27T23:41:47.006955,29,VIIRS_NOAA,56250,ZONE_D_CENTRAL,ZONE_B_EAST
23.390_87.586,23.39,87.58589,2025-12-27T09:23:08.763584,2025-12-27T23:41:48.103442,29,VIIRS_NOAA,56250,ZONE_D_CENTRAL,ZONE_B_EAST
23.390_88.093,23.39,88.09267,2025-12-27T09:23:10.023366,2025-12-27T23:41:48.904754,29,VIIRS_NOAA,56250,ZONE_D_CENTRAL,ZONE_B_EAST
23.390_89.188,23.39,89.18753,2025-12-27T09:23:11.130099,2025-12-27T23:41:49.262692,29,VIIRS_NOAA,56250,ZONE_D_CENTRAL,ZONE_B_EAST
23.410_87.609,23.41,87.60854,2025-12-27T09:23:12.228315,2025-12-27T23:41:50.140123,29,VIIRS_NOAA,56250,ZONE_D_CENTRAL,ZONE_B_EAST
23.410_87.639,23.41,87.63918,2025-12-27T09:23:13.313891,2025-12-27T23:41:50.478659,29,VIIRS_NOAA,56250,ZONE_D_CENTRAL,ZONE_B_EAST
23.410_88.005,23.41,88.00531,2025-12-27T09:23:14.506192,2025-12-27T23:41:50.831413,29,VIIRS_NOAA,56250,ZONE_D_CENTRAL,ZONE_B_EAST
23.420_87.447,23.42,87.44746,2025-12-27T09:23:15.601581,2025-12-27T23:41:51.201811,29,VIIRS_NOAA,56250,ZONE_D_CENTRAL,ZONE_B_EAST
23.420_87.961,23.42,87.9613,2025-12-27T09:23:16.704076,2025-12-27T23:41:51.591473,29,VIIRS_NOAA,56250,ZONE_D_CENTRAL,ZONE_B_EAST
23.420_87.997,23.42,87.99666,2025-12-27T09:23:17.82913,2025-12-27T23:41:51.951231,29,VIIRS_NOAA,56250,ZONE_D_CENTRAL,ZONE_B_EAST
23.430_87.458,23.43,87.45815,2025-12-27T09:23:18.935054,2025-12-27T23:41:52.308297,29,VIIRS_NOAA,56250,ZONE_D_CENTRAL,ZONE_B_EAST
23.440_87.281,23.44,87.28071,2025-12-27T09:23:21.098026,2025-12-27T23:41:53.061869,29,VIIRS_NOAA,56250,ZONE_D_CENTRAL,ZONE_B_EAST
23.450_87.897,23.45,87.89748,2025-12-27T09:23:22.169418,2025-12-27T23:41:53.391472,29,VIIRS_NOAA,56250,ZONE_D_CENTRAL,ZONE_B_EAST
23.490_87.787,23.49,87.78669,2025-12-27T09:23:23.310205,2025-12-27T23:41:54.476826,29,VIIRS_NOAA,56250,ZONE_D_CENTRAL,ZONE_B_EAST
23.490_87.975,23.49,87.9752,2025-12-27T09:23:24.452896,2025-12-27T23:41:54.874043,29,VIIRS_NOAA,56250,ZONE_D_CENTRAL,ZONE_B_EAST
23.520_87.488,23.52,87.48824,2025-12-27T09:23:25.543601,2025-12-27T23:41:55.649521,29,VIIRS_NOAA,56250,ZONE_D_CENTRAL,ZONE_B_EAST
23.110_87.762,23.11,87.76248,2025-12-27T09:22:14.122733,2025-12-27T23:41:21.030287,29,VIIRS_NOAA,112500,ZONE_D_CENTRAL,ZONE_B_EAST
23.120_88.326,23.12,88.32598,2025-12-27T09:22:15.246268,2025-12-27T23:41:21.384027,29,VIIRS_NOAA,56250,ZONE_D_CENTRAL,ZONE_B_EAST
23.140_87.333,23.14,87.33341,2025-12-27T09:22:16.319123,2025-12-27T23:41:21.739827,29,VIIRS_NOAA,56250,ZONE_D_CENTRAL,ZONE_B_EAST
23.140_87.693,23.14,87.69267,2025-12-27T09:22:17.444269,2025-12-27T23:41:22.051633,29,VIIRS_NOAA,56250,ZONE_D_CENTRAL,ZONE_B_EAST
23.140_88.181,23.14,88.18134,2025-12-27T09:22:18.54826,2025-12-27T23:41:22.761336,29,VIIRS_NOAA,56250,ZONE_D_CENTRAL,ZONE_B_EAST
23.320_88.052,23.32,88.05237,2025-12-27T09:22:59.522188,2025-12-27T23:41:42.599011,56,VIIRS_SNPP,168750,ZONE_D_CENTRAL,ZONE_B_EAST
23.150_87.218,23.15,87.21819,2025-12-27T09:22:19.662829,2025-12-27T23:41:23.107927,29,VIIRS_NOAA,112500,ZONE_D_CENTRAL,ZONE_B_EAST
23.150_87.284,23.15,87.28362,2025-12-27T09:22:20.737409,2025-12-27T23:41:23.463032,29,VIIRS_NOAA,56250,ZONE_D_CENTRAL,ZONE_B_EAST
23.150_87.441,23.15,87.44106,2025-12-27T09:22:21.836529,2025-12-27T23:41:23.859148,29,VIIRS_NOAA,56250,ZONE_D_CENTRAL,ZONE_B_EAST
23.150_87.545,23.15,87.54459,2025-12-27T09:22:22.965884,2025-12-27T23:41:24.252316,37,VIIRS_NOAA,56250,ZONE_D_CENTRAL,ZONE_B_EAST
23.150_87.860,23.15,87.8602,2025-12-27T09:22:25.176079,2025-12-27T23:41:25.785342,29,VIIRS_SNPP,112500,ZONE_D_CENTRAL,ZONE_B_EAST
23.380_87.490,23.38,87.49002,2025-12-27T09:23:06.228136,2025-12-27T23:41:46.650364,56,VIIRS_SNPP,56250,ZONE_D_CENTRAL,ZONE_B_EAST
23.160_87.447,23.16,87.44677,2025-12-27T09:22:26.287539,2025-12-27T23:41:26.968267,29,VIIRS_NOAA,56250,ZONE_D_CENTRAL,ZONE_B_EAST
23.160_87.662,23.16,87.6622,2025-12-27T09:22:28.879174,2025-12-27T23:41:28.073777,29,VIIRS_NOAA,56250,ZONE_D_CENTRAL,ZONE_B_EAST
23.170_87.620,23.17,87.62038,2025-12-27T09:22:29.972476,2025-12-27T23:41:29.19733,29,VIIRS_NOAA,112500,ZONE_D_CENTRAL,ZONE_B_EAST
23.170_87.816,23.17,87.81551,2025-12-27T09:22:31.06452,2025-12-27T23:41:29.521037,29,VIIRS_NOAA,56250,ZONE_D_CENTRAL,ZONE_B_EAST
23.180_87.659,23.18,87.65916,2025-12-27T09:22:32.188207,2025-12-27T23:41:30.2679,29,VIIRS_NOAA,56250,ZONE_D_CENTRAL,ZONE_B_EAST
23.200_87.709,23.2,87.70859,2025-12-27T09:22:33.295073,2025-12-27T23:41:31.02567,29,VIIRS_NOAA,56250,ZONE_D_CENTRAL,ZONE_B_EAST
23.200_88.109,23.2,88.10933,2025-12-27T09:22:34.429578,2025-12-27T23:41:31.363396,29,VIIRS_SNPP,112500,ZONE_D_CENTRAL,ZONE_B_EAST
23.200_88.301,23.2,88.30073,2025-12-27T09:22:35.535919,2025-12-27T23:41:31.715811,29,VIIRS_NOAA,56250,ZONE_D_CENTRAL,ZONE_B_EAST
23.210_87.747,23.21,87.74664,2025-12-27T09:22:36.637596,2025-12-27T23:41:32.085955,29,VIIRS_NOAA,56250,ZONE_D_CENTRAL,ZONE_B_EAST
23.210_88.691,23.21,88.690915,2025-12-27T09:22:37.746027,2025-12-27T23:41:32.449709,29,VIIRS_NOAA,112500,ZONE_D_CENTRAL,ZONE_B_EAST
23.220_88.036,23.22,88.03635,2025-12-27T09:22:38.831292,2025-12-27T23:41:32.821199,29,VIIRS_NOAA,56250,ZONE_D_CENTRAL,ZONE_B_EAST
23.220_88.300,23.22,88.30029,2025-12-27T09:22:39.933767,2025-12-27T23:41:33.203885,29,VIIRS_NOAA,56250,ZONE_D_CENTRAL,ZONE_B_EAST
23.230_86.944,23.23,86.9444,2025-12-27T09:22:41.042213,2025-12-27T23:41:34.131089,29,VIIRS_NOAA,56250,ZONE_D_CENTRAL,ZONE_B_EAST
23.230_87.301,23.23,87.30102,2025-12-27T09:22:42.134279,2025-12-27T23:41:34.502283,29,VIIRS_NOAA,56250,ZONE_D_CENTRAL,ZONE_B_EAST
23.240_87.989,23.24,87.9894,2025-12-27T09:22:44.328816,2025-12-27T23:41:35.246823,29,VIIRS_NOAA,56250,ZONE_D_CENTRAL,ZONE_B_EAST
23.240_88.022,23.24,88.02161,2025-12-27T09:22:45.451014,2025-12-27T23:41:35.596885,29,VIIRS_SNPP,112500,ZONE_D_CENTRAL,ZONE_B_EAST
23.270_87.619,23.27,87.61891,2025-12-27T09:22:48.05507,2025-12-27T23:41:36.747786,29,VIIRS_NOAA,56250,ZONE_D_CENTRAL,ZONE_B_EAST
21.790_87.148,21.79,87.148125,2025-12-27T10:19:32.641517,2025-12-27T23:40:21.597298,27,VIIRS_SNPP,112500,ZONE_C_SOUTH,ZONE_B_EAST
23.100_87.951,23.1,87.9511,2025-12-27T09:22:12.983933,2025-12-27T23:41:20.664544,29,VIIRS_NOAA,56250,ZONE_D_CENTRAL,ZONE_B_EAST
24.030_87.934,24.03,87.93394,2025-12-27T09:24:14.660167,2025-12-27T23:42:41.610063,58,VIIRS_NOAA,56250,ZONE_D_CENTRAL,ZONE_B_EAST
23.800_86.350,23.8,86.34975,2025-12-27T09:24:02.404299,2025-12-27T23:42:35.740266,29,VIIRS_SNPP,562500,ZONE_D_CENTRAL,ZONE_B_EAST
23.800_88.002,23.8,88.00214,2025-12-27T09:24:03.532679,2025-12-27T23:42:36.087282,29,VIIRS_NOAA,56250,ZONE_D_CENTRAL,ZONE_B_EAST
23.810_87.993,23.81,87.99347,2025-12-27T09:24:04.736289,2025-12-27T23:42:37.145589,29,VIIRS_NOAA,56250,ZONE_D_CENTRAL,ZONE_B_EAST
23.770_86.363,23.77,86.36289,2025-12-27T09:23:58.201155,2025-12-27T23:42:28.102649,33,VIIRS_SNPP,225000,ZONE_D_CENTRAL,ZONE_B_EAST
23.810_88.079,23.81,88.07868,2025-12-27T09:24:05.820435,2025-12-27T23:42:37.542446,29,VIIRS_NOAA,56250,ZONE_D_CENTRAL,ZONE_B_EAST
23.830_88.039,23.83,88.03915,2025-12-27T09:24:06.938698,2025-12-27T23:42:38.192219,29,VIIRS_NOAA,56250,ZONE_D_CENTRAL,ZONE_B_EAST
23.910_87.636,23.91,87.63591,2025-12-27T09:24:08.06593,2025-12-27T23:42:38.904822,29,VIIRS_NOAA,56250,ZONE_D_CENTRAL,ZONE_B_EAST
23.970_87.837,23.97,87.83738,2025-12-27T09:24:09.13554,2025-12-27T23:42:39.306589,29,VIIRS_NOAA,56250,ZONE_D_CENTRAL,ZONE_B_EAST
23.990_87.857,23.99,87.85744,2025-12-27T09:24:10.238658,2025-12-27T23:42:39.701202,29,VIIRS_NOAA,56250,ZONE_D_CENTRAL,ZONE_B_EAST
24.010_87.785,24.01,87.78468,2025-12-27T09:24:11.321748,2025-12-27T23:42:40.097864,29,VIIRS_NOAA,56250,ZONE_D_CENTRAL,ZONE_B_EAST
24.020_87.789,24.02,87.78916,2025-12-27T09:24:12.423511,2025-12-27T23:42:40.506757,29,VIIRS_SNPP,112500,ZONE_D_CENTRAL,ZONE_B_EAST
24.030_87.908,24.03,87.90772,2025-12-27T09:24:13.543805,2025-12-27T23:42:40.875167,29,VIIRS_NOAA,56250,ZONE_D_CENTRAL,ZONE_B_EAST
24.060_87.929,24.06,87.92854,2025-12-27T09:24:16.103895,2025-12-27T23:42:41.942079,29,VIIRS_NOAA,56250,ZONE_D_CENTRAL,ZONE_B_EAST
24.100_87.940,24.1,87.94007,2025-12-27T09:24:17.223037,2025-12-27T23:42:42.290423,29,VIIRS_NOAA,56250,ZONE_D_CENTRAL,ZONE_B_EAST
24.450_87.938,24.45,87.93781,2025-12-27T09:24:18.421708,2025-12-27T23:42:43.758982,29,VIIRS_NOAA,56250,ZONE_D_CENTRAL,ZONE_B_EAST
26.580_89.463,26.58,89.46317,2025-12-27T09:24:19.535375,2025-12-27T23:42:44.155988,29,VIIRS_NOAA,56250,ZONE_A_NORTH,ZONE_B_EAST
21.530_87.130,21.53,87.13003,2025-12-27T09:19:50.071343,2025-12-27T23:40:07.593568,29,VIIRS_NOAA,56250,ZONE_C_SOUTH,ZONE_B_EAST
21.600_86.643,21.6,86.64297,2025-12-27T10:19:22.008488,2025-12-27T23:40:09.52421,27,VIIRS_SNPP,56250,ZONE_C_SOUTH,ZONE_B_EAST
21.690_87.110,21.69,87.1097,2025-12-27T10:19:26.823556,2025-12-27T23:40:14.356105,27,VIIRS_SNPP,56250,ZONE_C_SOUTH,ZONE_B_EAST
21.720_87.608,21.72,87.60835,2025-12-27T10:19:28.427997,2025-12-27T23:40:16.96929,27,VIIRS_SNPP,56250,ZONE_C_SOUTH,ZONE_B_EAST
21.730_87.250,21.73,87.2504,2025-12-27T10:19:29.36417,2025-12-27T23:40:17.341873,27,VIIRS_SNPP,56250,ZONE_C_SOUTH,ZONE_B_EAST
21.810_87.496,21.81,87.49621,2025-12-27T10:19:35.966326,2025-12-27T23:40:24.174111,27,VIIRS_SNPP,56250,ZONE_C_SOUTH,ZONE_B_EAST
23.740_86.144,23.74,86.14387,2025-12-27T09:23:51.917825,2025-12-27T23:42:21.548809,58,VIIRS_NOAA,112500,ZONE_D_CENTRAL,ZONE_B_EAST
21.880_87.516,21.88,87.51585,2025-12-27T10:19:40.172298,2025-12-27T23:40:28.099484,27,VIIRS_SNPP,56250,ZONE_C_SOUTH,ZONE_B_EAST
21.900_87.513,21.9,87.512875,2025-12-27T10:19:41.097696,2025-12-27T23:40:28.443714,27,VIIRS_SNPP,112500,ZONE_C_SOUTH,ZONE_B_EAST
21.910_87.522,21.91,87.52238,2025-12-27T09:20:28.080793,2025-12-27T23:40:28.824437,29,VIIRS_NOAA,56250,ZONE_C_SOUTH,ZONE_B_EAST
23.240_87.925,23.24,87.9254,2025-12-27T09:22:43.226986,2025-12-27T23:41:34.851348,29,VIIRS_NOAA,56250,ZONE_D_CENTRAL,ZONE_B_EAST
23.770_88.063,23.77,88.06282,2025-12-27T09:23:59.507538,2025-12-27T23:42:30.272814,58,VIIRS_NOAA,56250,ZONE_D_CENTRAL,ZONE_B_EAST
21.920_87.500,21.92,87.49985,2025-12-27T10:19:42.31624,2025-12-27T23:40:29.612556,27,VIIRS_SNPP,56250,ZONE_C_SOUTH,ZONE_B_EAST
22.520_87.483,22.52,87.48325,2025-12-27T09:21:30.345213,2025-12-27T23:40:58.220129,29,VIIRS_NOAA,56250,ZONE_C_SOUTH,ZONE_B_EAST
23.070_88.132,23.07,88.13214,2025-12-27T09:22:06.135068,2025-12-27T23:41:18.386323,29,VIIRS_NOAA,56250,ZONE_D_CENTRAL,ZONE_B_EAST
23.430_87.482,23.43,87.48199,2025-12-27T09:23:20.012109,2025-12-27T23:41:52.700258,29,VIIRS_NOAA,56250,ZONE_D_CENTRAL,ZONE_B_EAST
23.520_87.690,23.52,87.68954,2025-12-27T09:23:26.63111,2025-12-27T23:41:56.003546,29,VIIRS_SNPP,112500,ZONE_D_CENTRAL,ZONE_B_EAST
23.520_88.116,23.52,88.11638,2025-12-27T09:23:27.724467,2025-12-27T23:41:56.368424,29,VIIRS_NOAA,56250,ZONE_D_CENTRAL,ZONE_B_EAST
23.540_88.158,23.54,88.15757,2025-12-27T09:23:28.81871,2025-12-27T23:41:56.739875,29,VIIRS_NOAA,56250,ZONE_D_CENTRAL,ZONE_B_EAST
23.550_87.603,23.55,87.60298,2025-12-27T09:23:29.936714,2025-12-27T23:41:58.161703,29,VIIRS_NOAA,56250,ZONE_D_CENTRAL,ZONE_B_EAST
23.550_88.014,23.55,88.01357,2025-12-27T09:23:31.041625,2025-12-27T23:41:58.523703,29,VIIRS_NOAA,56250,ZONE_D_CENTRAL,ZONE_B_EAST
23.550_88.037,23.55,88.03716,2025-12-27T09:23:32.195692,2025-12-27T23:41:58.992492,29,VIIRS_NOAA,56250,ZONE_D_CENTRAL,ZONE_B_EAST
23.600_87.821,23.6,87.82111,2025-12-27T09:23:36.609831,2025-12-27T23:42:01.970238,29,VIIRS_NOAA,56250,ZONE_D_CENTRAL,ZONE_B_EAST
23.560_87.240,23.56,87.23975,2025-12-27T09:23:33.311984,2025-12-27T23:41:59.659219,29,VIIRS_SNPP,281250,ZONE_D_CENTRAL,ZONE_B_EAST
23.570_87.664,23.57,87.66376,2025-12-27T09:23:34.399032,2025-12-27T23:42:00.793849,29,VIIRS_NOAA,56250,ZONE_D_CENTRAL,ZONE_B_EAST
23.570_88.069,23.57,88.06896,2025-12-27T09:23:35.485452,2025-12-27T23:42:01.210656,29,VIIRS_NOAA,56250,ZONE_D_CENTRAL,ZONE_B_EAST
23.600_87.990,23.6,87.98975,2025-12-27T09:23:37.705722,2025-12-27T23:42:02.31289,29,VIIRS_NOAA,56250,ZONE_D_CENTRAL,ZONE_B_EAST
23.720_87.531,23.72,87.53103,2025-12-27T09:23:48.523431,2025-12-27T23:42:19.69001,29,VIIRS_NOAA,56250,ZONE_D_CENTRAL,ZONE_B_EAST
23.730_88.080,23.73,88.07998,2025-12-27T09:23:50.748108,2025-12-27T23:42:20.818386,29,VIIRS_NOAA,56250,ZONE_D_CENTRAL,ZONE_B_EAST
23.740_88.017,23.74,88.01723,2025-12-27T09:23:53.374622,2025-12-27T23:42:22.290648,29,VIIRS_NOAA,56250,ZONE_D_CENTRAL,ZONE_B_EAST
23.750_87.905,23.75,87.90464,2025-12-27T09:23:54.525613,2025-12-27T23:42:23.755556,29,VIIRS_NOAA,56250,ZONE_D_CENTRAL,ZONE_B_EAST
23.750_88.032,23.75,88.03159,2025-12-27T09:23:55.610337,2025-12-27T23:42:24.116186,29,VIIRS_NOAA,56250,ZONE_D_CENTRAL,ZONE_B_EAST
23.760_87.514,23.76,87.51381,2025-12-27T09:23:57.081758,2025-12-27T23:42:25.85383,29,VIIRS_NOAA,56250,ZONE_D_CENTRAL,ZONE_B_EAST
23.780_87.505,23.78,87.50515,2025-12-27T09:24:01.301221,2025-12-27T23:42:33.127979,29,VIIRS_NOAA,56250,ZONE_D_CENTRAL,ZONE_B_EAST
23.630_86.292,23.63,86.29217,2025-12-27T09:23:38.80465,2025-12-27T23:42:05.069403,29,VIIRS_SNPP,225000,ZONE_D_CENTRAL,ZONE_B_EAST
23.650_88.050,23.65,88.05039,2025-12-27T09:23:42.105739,2025-12-27T23:42:06.462855,29,VIIRS_NOAA,56250,ZONE_D_CENTRAL,ZONE_B_EAST
23.660_87.798,23.66,87.79782,2025-12-27T09:23:43.214375,2025-12-27T23:42:08.084648,29,VIIRS_NOAA,56250,ZONE_D_CENTRAL,ZONE_B_EAST
23.690_87.777,23.69,87.77654,2025-12-27T09:23:45.178648,2025-12-27T23:42:16.186971,29,VIIRS_SNPP,112500,ZONE_D_CENTRAL,ZONE_B_EAST
23.700_87.953,23.7,87.95312,2025-12-27T09:23:46.291107,2025-12-27T23:42:17.575897,29,VIIRS_NOAA,56250,ZONE_D_CENTRAL,ZONE_B_EAST
23.710_86.451,23.71,86.4511,2025-12-27T09:23:47.391858,2025-12-27T23:42:18.299198,29,VIIRS_SNPP,281250,ZONE_D_CENTRAL,ZONE_B_EAST
23.720_87.876,23.72,87.87579,2025-12-27T09:23:49.637262,2025-12-27T23:42:20.045022,29,VIIRS_NOAA,56250,ZONE_D_CENTRAL,ZONE_B_EAST
23.860_86.910,23.86,86.909845,2025-12-27T10:21:27.97126,2025-12-27T23:42:38.537058,27,VIIRS_SNPP,112500,ZONE_D_CENTRAL,ZONE_B_EAST
24.160_87.765,24.16,87.76511,2025-12-27T10:21:31.747473,2025-12-27T23:42:42.99271,27,VIIRS_SNPP,56250,ZONE_D_CENTRAL,ZONE_B_EAST
21.920_87.137,21.92,87.13706,2025-12-27T22:19:24.38858,2025-12-27T23:40:29.222726,4,VIIRS_NOAA,56250,ZONE_C_SOUTH,ZONE_B_EAST
22.190_87.132,22.19,87.13241,2025-12-27T10:19:53.161434,2025-12-27T23:40:40.249021,27,VIIRS_SNPP,56250,ZONE_C_SOUTH,ZONE_B_EAST
22.270_87.526,22.27,87.52558,2025-12-27T10:19:59.909364,2025-12-27T23:40:46.235988,27,VIIRS_SNPP,56250,ZONE_C_SOUTH,ZONE_B_EAST
22.360_87.017,22.36,87.0167525,2025-12-27T22:19:41.904846,2025-12-27T23:40:49.158633,4,VIIRS_SNPP,225000,ZONE_C_SOUTH,ZONE_B_EAST
22.850_88.602,22.85,88.60231,2025-12-27T10:20:16.616254,2025-12-27T23:41:08.930014,27,VIIRS_SNPP,56250,ZONE_C_SOUTH,ZONE_B_EAST
22.970_87.862,22.97,87.86159,2025-12-27T10:20:19.594634,2025-12-27T23:41:12.60576,27,VIIRS_SNPP,56250,ZONE_C_SOUTH,ZONE_B_EAST
23.050_87.728,23.05,87.72845,2025-12-27T10:20:24.982485,2025-12-27T23:41:17.214469,27,VIIRS_SNPP,56250,ZONE_D_CENTRAL,ZONE_B_EAST
23.140_87.920,23.14,87.92036,2025-12-27T10:20:29.740763,2025-12-27T23:41:22.405654,27,VIIRS_SNPP,56250,ZONE_D_CENTRAL,ZONE_B_EAST
23.160_88.327,23.16,88.32729,2025-12-27T10:20:36.984168,2025-12-27T23:41:28.865764,27,VIIRS_SNPP,56250,ZONE_D_CENTRAL,ZONE_B_EAST
23.180_87.226,23.18,87.22595,2025-12-27T10:20:38.539269,2025-12-27T23:41:29.880706,27,VIIRS_SNPP,56250,ZONE_D_CENTRAL,ZONE_B_EAST
23.290_87.588,23.29,87.58833,2025-12-27T10:20:47.49056,2025-12-27T23:41:38.564417,27,VIIRS_SNPP,56250,ZONE_D_CENTRAL,ZONE_B_EAST
23.290_87.619,23.29,87.61873,2025-12-27T10:20:48.405312,2025-12-27T23:41:38.898032,27,VIIRS_SNPP,56250,ZONE_D_CENTRAL,ZONE_B_EAST
23.360_87.924,23.36,87.92363,2025-12-27T10:20:55.971809,2025-12-27T23:41:45.191416,27,VIIRS_SNPP,56250,ZONE_D_CENTRAL,ZONE_B_EAST
23.370_87.605,23.37,87.6048,2025-12-27T10:20:57.217608,2025-12-27T23:41:45.888137,27,VIIRS_SNPP,56250,ZONE_D_CENTRAL,ZONE_B_EAST
23.400_87.624,23.4,87.62418,2025-12-27T10:21:02.799216,2025-12-27T23:41:49.762067,27,VIIRS_SNPP,56250,ZONE_D_CENTRAL,ZONE_B_EAST
23.500_87.959,23.5,87.95943,2025-12-27T10:21:07.2809,2025-12-27T23:41:55.289959,27,VIIRS_SNPP,56250,ZONE_D_CENTRAL,ZONE_B_EAST
23.610_87.816,23.61,87.81555,2025-12-27T10:21:14.446541,2025-12-27T23:42:03.993755,27,VIIRS_SNPP,56250,ZONE_D_CENTRAL,ZONE_B_EAST
23.630_87.779,23.63,87.77861,2025-12-27T09:23:39.876072,2025-12-27T23:42:05.73884,29,VIIRS_NOAA,112500,ZONE_D_CENTRAL,ZONE_B_EAST
23.190_87.704,23.19,87.70364,2025-12-27T10:20:39.748907,2025-12-27T23:41:30.666711,27,VIIRS_SNPP,56250,ZONE_D_CENTRAL,ZONE_B_EAST
23.380_87.613,23.38,87.61318,2025-12-27T10:20:59.025895,2025-12-27T23:41:47.337666,27,VIIRS_SNPP,56250,ZONE_D_CENTRAL,ZONE_B_EAST
23.390_87.363,23.39,87.36279,2025-12-27T10:21:00.043447,2025-12-27T23:41:47.725338,27,VIIRS_SNPP,56250,ZONE_D_CENTRAL,ZONE_B_EAST
23.390_87.622,23.39,87.62156,2025-12-27T10:21:01.253954,2025-12-27T23:41:48.509189,27,VIIRS_SNPP,56250,ZONE_D_CENTRAL,ZONE_B_EAST
23.560_87.668,23.56,87.668345,2025-12-27T10:21:10.565882,2025-12-27T23:42:00.03261,27,VIIRS_SNPP,112500,ZONE_D_CENTRAL,ZONE_B_EAST
23.560_88.044,23.56,88.04436,2025-12-27T10:21:11.448929,2025-12-27T23:42:00.417841,27,VIIRS_SNPP,56250,ZONE_D_CENTRAL,ZONE_B_EAST
23.610_87.796,23.61,87.79641,2025-12-27T10:21:13.519683,2025-12-27T23:42:03.665959,27,VIIRS_SNPP,56250,ZONE_D_CENTRAL,ZONE_B_EAST
23.640_87.802,23.64,87.80234,2025-12-27T09:23:41.013261,2025-12-27T23:42:06.126386,29,VIIRS_NOAA,112500,ZONE_D_CENTRAL,ZONE_B_EAST
23.670_86.923,23.67,86.92275,2025-12-27T10:21:16.813518,2025-12-27T23:42:10.660559,27,VIIRS_SNPP,168750,ZONE_D_CENTRAL,ZONE_B_EAST
23.750_87.630,23.75,87.62968,2025-12-27T10:21:21.027555,2025-12-27T23:42:23.395835,27,VIIRS_SNPP,56250,ZONE_D_CENTRAL,ZONE_B_EAST
24.200_87.937,24.2,87.9365,2025-12-27T10:21:32.658446,2025-12-27T23:42:43.349542,27,VIIRS_SNPP,56250,ZONE_D_CENTRAL,ZONE_B_EAST
21.530_86.834,21.53,86.83403,2025-12-27T22:19:04.358344,2025-12-27T23:40:06.388658,4,VIIRS_NOAA,56250,ZONE_C_SOUTH,ZONE_B_EAST
21.810_87.464,21.81,87.46366,2025-12-27T10:19:35.04346,2025-12-27T23:40:23.801135,27,VIIRS_SNPP,56250,ZONE_C_SOUTH,ZONE_B_EAST
22.030_88.080,22.03,88.0799366666667,2025-12-27T22:19:27.865596,2025-12-27T23:40:32.535077,4,VIIRS_SNPP,168750,ZONE_C_SOUTH,ZONE_B_EAST
22.100_87.710,22.1,87.70955,2025-12-27T10:19:49.017095,2025-12-27T23:40:37.303206,27,VIIRS_SNPP,56250,ZONE_C_SOUTH,ZONE_B_EAST
22.180_86.682,22.18,86.68197,2025-12-27T10:19:51.974834,2025-12-27T23:40:39.500851,27,VIIRS_SNPP,56250,ZONE_C_SOUTH,ZONE_B_EAST
22.190_87.495,22.19,87.49537,2025-12-27T10:19:54.035433,2025-12-27T23:40:40.55307,27,VIIRS_SNPP,56250,ZONE_C_SOUTH,ZONE_B_EAST
22.220_87.603,22.22,87.60348,2025-12-27T10:19:56.113455,2025-12-27T23:40:42.317698,27,VIIRS_SNPP,56250,ZONE_C_SOUTH,ZONE_B_EAST
22.250_86.952,22.25,86.95175,2025-12-27T09:20:59.620634,2025-12-27T23:40:44.442541,29,VIIRS_NOAA,56250,ZONE_C_SOUTH,ZONE_B_EAST
22.370_87.017,22.37,87.017415,2025-12-27T22:19:43.585599,2025-12-27T23:40:50.609225,4,VIIRS_SNPP,112500,ZONE_C_SOUTH,ZONE_B_EAST
22.370_87.300,22.37,87.30018,2025-12-27T22:19:44.436935,2025-12-27T23:40:50.958394,4,VIIRS_SNPP,168750,ZONE_C_SOUTH,ZONE_B_EAST
22.990_87.882,22.99,87.88158,2025-12-27T10:20:21.118382,2025-12-27T23:41:14.004612,27,VIIRS_SNPP,56250,ZONE_C_SOUTH,ZONE_B_EAST
23.010_87.895,23.01,87.89493,2025-12-27T10:20:22.592609,2025-12-27T23:41:15.189647,27,VIIRS_SNPP,56250,ZONE_D_CENTRAL,ZONE_B_EAST
22.790_86.199,22.79,86.19906,2025-12-27T10:20:14.822797,2025-12-27T23:41:06.041171,31,VIIRS_SNPP,393750,ZONE_C_SOUTH,ZONE_B_EAST
23.150_87.694,23.15,87.69405,2025-12-27T10:20:32.716479,2025-12-27T23:41:25.424728,27,VIIRS_SNPP,56250,ZONE_D_CENTRAL,ZONE_B_EAST
23.150_88.280,23.15,88.27989,2025-12-27T10:20:33.906327,2025-12-27T23:41:26.186446,27,VIIRS_SNPP,56250,ZONE_D_CENTRAL,ZONE_B_EAST
23.160_87.710,23.16,87.70973,2025-12-27T10:20:35.995347,2025-12-27T23:41:28.470646,27,VIIRS_SNPP,56250,ZONE_D_CENTRAL,ZONE_B_EAST
23.280_87.620,23.28,87.61976,2025-12-27T10:20:45.392243,2025-12-27T23:41:37.445443,27,VIIRS_SNPP,56250,ZONE_D_CENTRAL,ZONE_B_EAST
23.280_88.046,23.28,88.04619,2025-12-27T10:20:46.586735,2025-12-27T23:41:38.194774,27,VIIRS_SNPP,56250,ZONE_D_CENTRAL,ZONE_B_EAST
23.310_87.983,23.31,87.983075,2025-12-27T10:20:50.82088,2025-12-27T23:41:41.055833,27,VIIRS_SNPP,112500,ZONE_D_CENTRAL,ZONE_B_EAST
23.330_87.420,23.33,87.41969,2025-12-27T10:20:52.933392,2025-12-27T23:41:42.980148,27,VIIRS_SNPP,56250,ZONE_D_CENTRAL,ZONE_B_EAST
23.340_87.705,23.34,87.70527,2025-12-27T10:20:54.495829,2025-12-27T23:41:44.029756,27,VIIRS_SNPP,56250,ZONE_D_CENTRAL,ZONE_B_EAST
23.800_88.055,23.8,88.05453,2025-12-27T10:21:25.109294,2025-12-27T23:42:36.407325,27,VIIRS_SNPP,56250,ZONE_D_CENTRAL,ZONE_B_EAST
23.830_88.004,23.83,88.00384,2025-12-27T10:21:26.774676,2025-12-27T23:42:37.876697,27,VIIRS_SNPP,56250,ZONE_D_CENTRAL,ZONE_B_EAST
22.010_87.516,22.01,87.51631,2025-12-27T10:19:44.343759,2025-12-27T23:40:31.446417,27,VIIRS_SNPP,112500,ZONE_C_SOUTH,ZONE_B_EAST
22.060_88.125,22.06,88.12456,2025-12-27T22:19:29.873186,2025-12-27T23:40:34.70235,4,VIIRS_NOAA,56250,ZONE_C_SOUTH,ZONE_B_EAST
22.110_87.324,22.11,87.32359,2025-12-27T10:19:50.497893,2025-12-27T23:40:38.44902,27,VIIRS_SNPP,56250,ZONE_C_SOUTH,ZONE_B_EAST
22.390_87.286,22.39,87.2855,2025-12-27T22:19:46.391451,2025-12-27T23:40:52.77292,4,VIIRS_NOAA,112500,ZONE_C_SOUTH,ZONE_B_EAST
22.480_88.002,22.48,88.00221,2025-12-27T22:19:49.184769,2025-12-27T23:40:55.679201,4,VIIRS_NOAA,56250,ZONE_C_SOUTH,ZONE_B_EAST
22.500_87.439,22.5,87.438955,2025-12-27T10:20:06.97691,2025-12-27T23:40:56.453766,27,VIIRS_SNPP,112500,ZONE_C_SOUTH,ZONE_B_EAST
22.560_87.435,22.56,87.43506,2025-12-27T10:20:10.211459,2025-12-27T23:40:59.730703,27,VIIRS_SNPP,56250,ZONE_C_SOUTH,ZONE_B_EAST
22.610_87.605,22.61,87.60461,2025-12-27T10:20:12.134185,2025-12-27T23:41:03.114923,27,VIIRS_SNPP,56250,ZONE_C_SOUTH,ZONE_B_EAST
22.590_85.904,22.59,85.90407,2025-12-27T22:19:54.508102,2025-12-27T23:41:01.654131,8,VIIRS_NOAA,168750,ZONE_C_SOUTH,ZONE_B_EAST
22.810_86.084,22.81,86.08429,2025-12-27T22:20:01.787919,2025-12-27T23:41:07.774138,8,VIIRS_NOAA,56250,ZONE_C_SOUTH,ZONE_B_EAST
23.480_87.355,23.48,87.35488,2025-12-27T22:20:40.671991,2025-12-27T23:41:54.084408,8,VIIRS_SNPP,168750,ZONE_D_CENTRAL,ZONE_B_EAST
23.550_87.242,23.55,87.2423875,2025-12-27T22:20:44.684011,2025-12-27T23:41:57.819457,8,VIIRS_SNPP,225000,ZONE_D_CENTRAL,ZONE_B_EAST
23.660_86.909,23.66,86.90908,2025-12-27T22:20:56.586809,2025-12-27T23:42:07.255322,8,VIIRS_SNPP,112500,ZONE_D_CENTRAL,ZONE_B_EAST
23.670_86.103,23.67,86.10309,2025-12-27T22:20:59.736279,2025-12-27T23:42:09.176354,8,VIIRS_SNPP,112500,ZONE_D_CENTRAL,ZONE_B_EAST
23.670_86.395,23.67,86.39463,2025-12-27T22:21:01.757395,2025-12-27T23:42:10.303987,8,VIIRS_NOAA,56250,ZONE_D_CENTRAL,ZONE_B_EAST
23.690_86.391,23.69,86.3906525,2025-12-27T22:21:08.386586,2025-12-27T23:42:14.245174,5,MODIS,225000,ZONE_D_CENTRAL,ZONE_B_EAST
23.690_87.101,23.69,87.1011133333333,2025-12-27T22:21:09.258539,2025-12-27T23:42:15.027903,8,VIIRS_SNPP,168750,ZONE_D_CENTRAL,ZONE_B_EAST
23.700_87.104,23.7,87.10389,2025-12-27T22:21:12.188424,2025-12-27T23:42:17.221773,8,VIIRS_NOAA,56250,ZONE_D_CENTRAL,ZONE_B_EAST
23.720_86.421,23.72,86.4209033333333,2025-12-27T22:21:14.753977,2025-12-27T23:42:19.021689,8,VIIRS_SNPP,168750,ZONE_D_CENTRAL,ZONE_B_EAST
23.760_85.853,23.76,85.852518,2025-12-27T22:21:22.738707,2025-12-27T23:42:24.793048,8,VIIRS_SNPP,281250,ZONE_D_CENTRAL,ZONE_B_EAST
23.770_86.402,23.77,86.4024716666667,2025-12-27T22:21:31.097712,2025-12-27T23:42:29.582549,8,VIIRS_SNPP,337500,ZONE_D_CENTRAL,ZONE_B_EAST
23.780_86.343,23.78,86.34286,2025-12-27T22:21:33.648883,2025-12-27T23:42:31.434219,8,VIIRS_SNPP,112500,ZONE_D_CENTRAL,ZONE_B_EAST
23.780_86.363,23.78,86.3634,2025-12-27T22:21:34.793863,2025-12-27T23:42:32.110275,8,VIIRS_SNPP,112500,ZONE_D_CENTRAL,ZONE_B_EAST
22.610_85.912,22.61,85.9118,2025-12-27T22:19:55.955612,2025-12-27T23:41:02.399147,4,VIIRS_NOAA,56250,ZONE_C_SOUTH,ZONE_B_EAST
22.800_86.089,22.8,86.0891475,2025-12-27T22:20:00.020388,2025-12-27T23:41:06.72859,4,VIIRS_SNPP,225000,ZONE_C_SOUTH,ZONE_B_EAST
22.800_86.199,22.8,86.199315,2025-12-27T22:20:00.906645,2025-12-27T23:41:07.087989,4,VIIRS_SNPP,225000,ZONE_C_SOUTH,ZONE_B_EAST
22.860_86.057,22.86,86.05694,2025-12-27T22:20:03.881656,2025-12-27T23:41:09.318793,4,VIIRS_SNPP,112500,ZONE_C_SOUTH,ZONE_B_EAST
22.910_86.074,22.91,86.07352,2025-12-27T22:20:06.20588,2025-12-27T23:41:11.436518,4,VIIRS_NOAA,56250,ZONE_C_SOUTH,ZONE_B_EAST
22.970_88.377,22.97,88.37717,2025-12-27T22:20:08.214247,2025-12-27T23:41:13.326975,4,VIIRS_SNPP,112500,ZONE_C_SOUTH,ZONE_B_EAST
23.160_86.907,23.16,86.90743,2025-12-27T22:20:19.797528,2025-12-27T23:41:26.577993,4,VIIRS_NOAA,56250,ZONE_D_CENTRAL,ZONE_B_EAST
23.550_86.542,23.55,86.54169,2025-12-27T22:20:43.817007,2025-12-27T23:41:57.119574,4,VIIRS_NOAA,56250,ZONE_D_CENTRAL,ZONE_B_EAST
23.560_87.083,23.56,87.08326,2025-12-27T22:20:46.727064,2025-12-27T23:41:59.343703,4,VIIRS_SNPP,112500,ZONE_D_CENTRAL,ZONE_B_EAST
23.580_86.727,23.58,86.72675,2025-12-27T22:20:49.065284,2025-12-27T23:42:01.596774,4,VIIRS_SNPP,112500,ZONE_D_CENTRAL,ZONE_B_EAST
23.610_86.786,23.61,86.78621,2025-12-27T22:20:50.502227,2025-12-27T23:42:02.962865,4,VIIRS_NOAA,56250,ZONE_D_CENTRAL,ZONE_B_EAST
23.620_86.790,23.62,86.7900266666667,2025-12-27T22:20:52.821237,2025-12-27T23:42:04.388147,4,VIIRS_SNPP,168750,ZONE_D_CENTRAL,ZONE_B_EAST
23.620_86.891,23.62,86.89063,2025-12-27T22:20:53.679654,2025-12-27T23:42:04.734868,4,VIIRS_NOAA,56250,ZONE_D_CENTRAL,ZONE_B_EAST
23.630_86.835,23.63,86.83527,2025-12-27T22:20:54.894223,2025-12-27T23:42:05.38076,4,VIIRS_NOAA,56250,ZONE_D_CENTRAL,ZONE_B_EAST
23.660_87.157,23.66,87.1570533333333,2025-12-27T22:20:57.745348,2025-12-27T23:42:07.681177,4,VIIRS_SNPP,168750,ZONE_D_CENTRAL,ZONE_B_EAST
23.670_86.091,23.67,86.09073,2025-12-27T22:20:58.870838,2025-12-27T23:42:08.443486,4,VIIRS_SNPP,112500,ZONE_D_CENTRAL,ZONE_B_EAST
23.670_86.117,23.67,86.1168,2025-12-27T22:21:00.891531,2025-12-27T23:42:09.547721,4,VIIRS_NOAA,56250,ZONE_D_CENTRAL,ZONE_B_EAST
23.670_86.936,23.67,86.93564,2025-12-27T22:21:03.208315,2025-12-27T23:42:11.022788,4,VIIRS_NOAA,56250,ZONE_D_CENTRAL,ZONE_B_EAST
23.680_86.071,23.68,86.07073,2025-12-27T22:21:04.103563,2025-12-27T23:42:11.41817,4,VIIRS_SNPP,112500,ZONE_D_CENTRAL,ZONE_B_EAST
23.680_86.096,23.68,86.09642,2025-12-27T22:21:06.088679,2025-12-27T23:42:12.484858,5,VIIRS_NOAA,225000,ZONE_D_CENTRAL,ZONE_B_EAST
23.680_87.130,23.68,87.12996,2025-12-27T22:21:07.517547,2025-12-27T23:42:13.463303,4,VIIRS_NOAA,56250,ZONE_D_CENTRAL,ZONE_B_EAST
23.680_86.083,23.68,86.0830366666667,2025-12-27T22:21:04.961301,2025-12-27T23:42:12.13529,7,VIIRS_SNPP,225000,ZONE_D_CENTRAL,ZONE_B_EAST
23.700_86.073,23.7,86.07339,2025-12-27T22:21:11.321176,2025-12-27T23:42:16.549859,4,VIIRS_NOAA,56250,ZONE_D_CENTRAL,ZONE_B_EAST
23.710_86.421,23.71,86.4213,2025-12-27T22:21:13.601444,2025-12-27T23:42:17.923621,4,VIIRS_SNPP,112500,ZONE_D_CENTRAL,ZONE_B_EAST
23.720_86.441,23.72,86.440614,2025-12-27T22:21:15.920202,2025-12-27T23:42:19.349246,4,VIIRS_SNPP,281250,ZONE_D_CENTRAL,ZONE_B_EAST
23.730_86.437,23.73,86.43742,2025-12-27T22:21:17.31053,2025-12-27T23:42:20.410966,4,VIIRS_SNPP,225000,ZONE_D_CENTRAL,ZONE_B_EAST
23.740_86.433,23.74,86.432604,2025-12-27T22:21:19.032144,2025-12-27T23:42:21.891572,4,VIIRS_SNPP,281250,ZONE_D_CENTRAL,ZONE_B_EAST
23.750_86.403,23.75,86.4026,2025-12-27T22:21:20.206318,2025-12-27T23:42:22.649428,4,VIIRS_NOAA,56250,ZONE_D_CENTRAL,ZONE_B_EAST
23.750_86.417,23.75,86.417342,2025-12-27T22:21:21.07725,2025-12-27T23:42:23.007333,4,VIIRS_SNPP,281250,ZONE_D_CENTRAL,ZONE_B_EAST
23.760_85.873,23.76,85.872685,2025-12-27T22:21:23.908021,2025-12-27T23:42:25.182077,4,VIIRS_SNPP,112500,ZONE_D_CENTRAL,ZONE_B_EAST
23.770_85.998,23.77,85.99828,2025-12-27T22:21:25.327357,2025-12-27T23:42:26.211272,4,VIIRS_NOAA,56250,ZONE_D_CENTRAL,ZONE_B_EAST
23.770_86.011,23.77,86.01133,2025-12-27T22:21:26.203761,2025-12-27T23:42:26.576864,4,VIIRS_NOAA,56250,ZONE_D_CENTRAL,ZONE_B_EAST
23.770_86.199,23.77,86.19944,2025-12-27T22:21:27.055739,2025-12-27T23:42:26.970454,4,VIIRS_NOAA,112500,ZONE_D_CENTRAL,ZONE_B_EAST
23.770_86.211,23.77,86.210965,2025-12-27T22:21:27.902067,2025-12-27T23:42:27.37997,4,VIIRS_SNPP,112500,ZONE_D_CENTRAL,ZONE_B_EAST
23.770_86.379,23.77,86.37852,2025-12-27T22:21:29.349148,2025-12-27T23:42:28.490314,4,VIIRS_NOAA,56250,ZONE_D_CENTRAL,ZONE_B_EAST
23.770_86.390,23.77,86.389915,2025-12-27T22:21:30.258173,2025-12-27T23:42:28.857518,4,VIIRS_NOAA,112500,ZONE_D_CENTRAL,ZONE_B_EAST
23.780_86.208,23.78,86.20777,2025-12-27T22:21:32.78225,2025-12-27T23:42:30.633845,4,VIIRS_SNPP,168750,ZONE_D_CENTRAL,ZONE_B_EAST
23.790_86.353,23.79,86.3527733333333,2025-12-27T22:21:36.827366,2025-12-27T23:42:33.525093,4,VIIRS_SNPP,168750,ZONE_D_CENTRAL,ZONE_B_EAST
23.790_86.369,23.79,86.36939,2025-12-27T22:21:37.713358,2025-12-27T23:42:33.916437,4,VIIRS_NOAA,56250,ZONE_D_CENTRAL,ZONE_B_EAST
23.790_86.963,23.79,86.96272,2025-12-27T22:21:38.563953,2025-12-27T23:42:34.291175,4,VIIRS_NOAA,56250,ZONE_D_CENTRAL,ZONE_B_EAST
23.800_86.232,23.8,86.23189,2025-12-27T22:21:38.845174,2025-12-27T23:42:34.678854,4,VIIRS_NOAA,56250,ZONE_D_CENTRAL,ZONE_B_EAST
23.800_86.329,23.8,86.329416,2025-12-27T22:21:40.574376,2025-12-27T23:42:35.41567,4,VIIRS_SNPP,281250,ZONE_D_CENTRAL,ZONE_B_EAST
23.810_86.329,23.81,86.32896,2025-12-27T22:21:42.233663,2025-12-27T23:42:36.758996,4,VIIRS_SNPP,112500,ZONE_D_CENTRAL,ZONE_B_EAST
24.120_86.350,24.12,86.35041,2025-12-27T22:21:47.385912,2025-12-27T23:42:42.671122,4,VIIRS_NOAA,56250,ZONE_D_CENTRAL,ZONE_B_EAST
22.100_87.477,22.1,87.477235,2025-12-27T10:19:48.119548,2025-12-27T23:40:36.958734,27,VIIRS_SNPP,112500,ZONE_C_SOUTH,ZONE_B_EAST
22.490_87.438,22.49,87.43787,2025-12-27T09:21:25.378777,2025-12-27T23:40:56.066601,29,VIIRS_NOAA,56250,ZONE_C_SOUTH,ZONE_B_EAST
22.580_85.891,22.58,85.89143,2025-12-27T22:19:53.652668,2025-12-27T23:41:00.892441,4,VIIRS_SNPP,56250,ZONE_C_SOUTH,ZONE_B_EAST
23.610_87.146,23.61,87.14607,2025-12-27T22:20:51.364145,2025-12-27T23:42:03.32202,4,VIIRS_NOAA,56250,ZONE_D_CENTRAL,ZONE_B_EAST
23.800_86.315,23.8,86.31455,2025-12-27T22:21:39.71191,2025-12-27T23:42:35.05882,4,VIIRS_SNPP,112500,ZONE_D_CENTRAL,ZONE_B_EAST
